<annotation>
	<folder>data_images</folder>
	<filename>biological236.jpg</filename>
	<path>/Users/yewinthant/Desktop/Imp_Honos_Project/YOLO_Waste_Det_And_Cls_Project/Notes/datapreparation/data_images/biological236.jpg</path>
	<source>
		<database>Unknown</database>
	</source>
	<size>
		<width>283</width>
		<height>178</height>
		<depth>3</depth>
	</size>
	<segmented>0</segmented>
	<object>
		<name>biological</name>
		<pose>Unspecified</pose>
		<truncated>0</truncated>
		<difficult>0</difficult>
		<bndbox>
			<xmin>21</xmin>
			<ymin>8</ymin>
			<xmax>152</xmax>
			<ymax>135</ymax>
		</bndbox>
	</object>
	<object>
		<name>biological</name>
		<pose>Unspecified</pose>
		<truncated>0</truncated>
		<difficult>0</difficult>
		<bndbox>
			<xmin>133</xmin>
			<ymin>35</ymin>
			<xmax>259</xmax>
			<ymax>171</ymax>
		</bndbox>
	</object>
	<object>
		<name>biological</name>
		<pose>Unspecified</pose>
		<truncated>1</truncated>
		<difficult>0</difficult>
		<bndbox>
			<xmin>2</xmin>
			<ymin>138</ymin>
			<xmax>126</xmax>
			<ymax>178</ymax>
		</bndbox>
	</object>
	<object>
		<name>biological</name>
		<pose>Unspecified</pose>
		<truncated>1</truncated>
		<difficult>0</difficult>
		<bndbox>
			<xmin>112</xmin>
			<ymin>1</ymin>
			<xmax>232</xmax>
			<ymax>51</ymax>
		</bndbox>
	</object>
</annotation>
