<annotation>
	<folder>data_images</folder>
	<filename>biological585.jpg</filename>
	<path>/Users/yewinthant/Desktop/Imp_Honos_Project/YOLO_Waste_Det_And_Cls_Project/Notes/datapreparation/data_images/biological585.jpg</path>
	<source>
		<database>Unknown</database>
	</source>
	<size>
		<width>300</width>
		<height>168</height>
		<depth>3</depth>
	</size>
	<segmented>0</segmented>
	<object>
		<name>biological</name>
		<pose>Unspecified</pose>
		<truncated>0</truncated>
		<difficult>0</difficult>
		<bndbox>
			<xmin>22</xmin>
			<ymin>81</ymin>
			<xmax>109</xmax>
			<ymax>161</ymax>
		</bndbox>
	</object>
	<object>
		<name>biological</name>
		<pose>Unspecified</pose>
		<truncated>0</truncated>
		<difficult>0</difficult>
		<bndbox>
			<xmin>125</xmin>
			<ymin>82</ymin>
			<xmax>203</xmax>
			<ymax>163</ymax>
		</bndbox>
	</object>
</annotation>
