<annotation>
	<folder>data_images</folder>
	<filename>biological630.jpg</filename>
	<path>/Users/yewinthant/Desktop/Imp_Honos_Project/YOLO_Waste_Det_And_Cls_Project/Notes/datapreparation/data_images/biological630.jpg</path>
	<source>
		<database>Unknown</database>
	</source>
	<size>
		<width>275</width>
		<height>183</height>
		<depth>3</depth>
	</size>
	<segmented>0</segmented>
	<object>
		<name>biological</name>
		<pose>Unspecified</pose>
		<truncated>0</truncated>
		<difficult>0</difficult>
		<bndbox>
			<xmin>21</xmin>
			<ymin>47</ymin>
			<xmax>191</xmax>
			<ymax>146</ymax>
		</bndbox>
	</object>
	<object>
		<name>biological</name>
		<pose>Unspecified</pose>
		<truncated>0</truncated>
		<difficult>0</difficult>
		<bndbox>
			<xmin>171</xmin>
			<ymin>126</ymin>
			<xmax>212</xmax>
			<ymax>164</ymax>
		</bndbox>
	</object>
	<object>
		<name>biological</name>
		<pose>Unspecified</pose>
		<truncated>1</truncated>
		<difficult>0</difficult>
		<bndbox>
			<xmin>221</xmin>
			<ymin>102</ymin>
			<xmax>275</xmax>
			<ymax>161</ymax>
		</bndbox>
	</object>
	<object>
		<name>biological</name>
		<pose>Unspecified</pose>
		<truncated>0</truncated>
		<difficult>0</difficult>
		<bndbox>
			<xmin>198</xmin>
			<ymin>81</ymin>
			<xmax>233</xmax>
			<ymax>108</ymax>
		</bndbox>
	</object>
</annotation>
