<annotation>
	<folder>data_images</folder>
	<filename>biological156.jpg</filename>
	<path>/Users/yewinthant/Desktop/Imp_Honos_Project/YOLO_Waste_Det_And_Cls_Project/Notes/datapreparation/data_images/biological156.jpg</path>
	<source>
		<database>Unknown</database>
	</source>
	<size>
		<width>292</width>
		<height>172</height>
		<depth>3</depth>
	</size>
	<segmented>0</segmented>
	<object>
		<name>biological</name>
		<pose>Unspecified</pose>
		<truncated>0</truncated>
		<difficult>0</difficult>
		<bndbox>
			<xmin>71</xmin>
			<ymin>9</ymin>
			<xmax>228</xmax>
			<ymax>157</ymax>
		</bndbox>
	</object>
	<object>
		<name>biological</name>
		<pose>Unspecified</pose>
		<truncated>1</truncated>
		<difficult>0</difficult>
		<bndbox>
			<xmin>2</xmin>
			<ymin>29</ymin>
			<xmax>102</xmax>
			<ymax>172</ymax>
		</bndbox>
	</object>
	<object>
		<name>biological</name>
		<pose>Unspecified</pose>
		<truncated>1</truncated>
		<difficult>0</difficult>
		<bndbox>
			<xmin>26</xmin>
			<ymin>1</ymin>
			<xmax>185</xmax>
			<ymax>65</ymax>
		</bndbox>
	</object>
	<object>
		<name>biological</name>
		<pose>Unspecified</pose>
		<truncated>1</truncated>
		<difficult>0</difficult>
		<bndbox>
			<xmin>148</xmin>
			<ymin>39</ymin>
			<xmax>281</xmax>
			<ymax>172</ymax>
		</bndbox>
	</object>
	<object>
		<name>biological</name>
		<pose>Unspecified</pose>
		<truncated>1</truncated>
		<difficult>0</difficult>
		<bndbox>
			<xmin>41</xmin>
			<ymin>134</ymin>
			<xmax>172</xmax>
			<ymax>172</ymax>
		</bndbox>
	</object>
</annotation>
