<annotation>
	<folder>data_images</folder>
	<filename>cardboard742.jpg</filename>
	<path>/Users/yewinthant/Desktop/Imp_Honos_Project/YOLO_Waste_Det_And_Cls_Project/Notes/datapreparation/data_images/cardboard742.jpg</path>
	<source>
		<database>Unknown</database>
	</source>
	<size>
		<width>216</width>
		<height>233</height>
		<depth>3</depth>
	</size>
	<segmented>0</segmented>
	<object>
		<name>cardboard</name>
		<pose>Unspecified</pose>
		<truncated>0</truncated>
		<difficult>0</difficult>
		<bndbox>
			<xmin>8</xmin>
			<ymin>24</ymin>
			<xmax>210</xmax>
			<ymax>195</ymax>
		</bndbox>
	</object>
</annotation>
