<annotation>
	<folder>data_images</folder>
	<filename>paper123.jpg</filename>
	<path>/Users/yewinthant/Desktop/Imp_Honos_Project/YOLO_Waste_Det_And_Cls_Project/Notes/datapreparation/data_images/paper123.jpg</path>
	<source>
		<database>Unknown</database>
	</source>
	<size>
		<width>275</width>
		<height>183</height>
		<depth>3</depth>
	</size>
	<segmented>0</segmented>
	<object>
		<name>paper</name>
		<pose>Unspecified</pose>
		<truncated>1</truncated>
		<difficult>0</difficult>
		<bndbox>
			<xmin>30</xmin>
			<ymin>88</ymin>
			<xmax>168</xmax>
			<ymax>183</ymax>
		</bndbox>
	</object>
	<object>
		<name>paper</name>
		<pose>Unspecified</pose>
		<truncated>0</truncated>
		<difficult>0</difficult>
		<bndbox>
			<xmin>133</xmin>
			<ymin>50</ymin>
			<xmax>254</xmax>
			<ymax>142</ymax>
		</bndbox>
	</object>
	<object>
		<name>paper</name>
		<pose>Unspecified</pose>
		<truncated>0</truncated>
		<difficult>0</difficult>
		<bndbox>
			<xmin>18</xmin>
			<ymin>22</ymin>
			<xmax>120</xmax>
			<ymax>107</ymax>
		</bndbox>
	</object>
	<object>
		<name>paper</name>
		<pose>Unspecified</pose>
		<truncated>0</truncated>
		<difficult>0</difficult>
		<bndbox>
			<xmin>72</xmin>
			<ymin>3</ymin>
			<xmax>160</xmax>
			<ymax>86</ymax>
		</bndbox>
	</object>
	<object>
		<name>paper</name>
		<pose>Unspecified</pose>
		<truncated>1</truncated>
		<difficult>0</difficult>
		<bndbox>
			<xmin>125</xmin>
			<ymin>1</ymin>
			<xmax>209</xmax>
			<ymax>84</ymax>
		</bndbox>
	</object>
	<object>
		<name>paper</name>
		<pose>Unspecified</pose>
		<truncated>1</truncated>
		<difficult>0</difficult>
		<bndbox>
			<xmin>161</xmin>
			<ymin>1</ymin>
			<xmax>245</xmax>
			<ymax>55</ymax>
		</bndbox>
	</object>
	<object>
		<name>paper</name>
		<pose>Unspecified</pose>
		<truncated>1</truncated>
		<difficult>0</difficult>
		<bndbox>
			<xmin>193</xmin>
			<ymin>44</ymin>
			<xmax>275</xmax>
			<ymax>123</ymax>
		</bndbox>
	</object>
</annotation>
