<annotation>
	<folder>data_images</folder>
	<filename>plastic637.jpg</filename>
	<path>/Users/yewinthant/Desktop/Imp_Honos_Project/YOLO_Waste_Det_And_Cls_Project/Notes/datapreparation/data_images/plastic637.jpg</path>
	<source>
		<database>Unknown</database>
	</source>
	<size>
		<width>275</width>
		<height>183</height>
		<depth>3</depth>
	</size>
	<segmented>0</segmented>
	<object>
		<name>plastic</name>
		<pose>Unspecified</pose>
		<truncated>1</truncated>
		<difficult>0</difficult>
		<bndbox>
			<xmin>82</xmin>
			<ymin>65</ymin>
			<xmax>136</xmax>
			<ymax>183</ymax>
		</bndbox>
	</object>
	<object>
		<name>plastic</name>
		<pose>Unspecified</pose>
		<truncated>1</truncated>
		<difficult>0</difficult>
		<bndbox>
			<xmin>109</xmin>
			<ymin>57</ymin>
			<xmax>182</xmax>
			<ymax>183</ymax>
		</bndbox>
	</object>
	<object>
		<name>plastic</name>
		<pose>Unspecified</pose>
		<truncated>1</truncated>
		<difficult>0</difficult>
		<bndbox>
			<xmin>1</xmin>
			<ymin>1</ymin>
			<xmax>51</xmax>
			<ymax>122</ymax>
		</bndbox>
	</object>
	<object>
		<name>plastic</name>
		<pose>Unspecified</pose>
		<truncated>1</truncated>
		<difficult>0</difficult>
		<bndbox>
			<xmin>182</xmin>
			<ymin>1</ymin>
			<xmax>248</xmax>
			<ymax>125</ymax>
		</bndbox>
	</object>
	<object>
		<name>plastic</name>
		<pose>Unspecified</pose>
		<truncated>0</truncated>
		<difficult>0</difficult>
		<bndbox>
			<xmin>63</xmin>
			<ymin>17</ymin>
			<xmax>195</xmax>
			<ymax>73</ymax>
		</bndbox>
	</object>
	<object>
		<name>plastic</name>
		<pose>Unspecified</pose>
		<truncated>1</truncated>
		<difficult>0</difficult>
		<bndbox>
			<xmin>188</xmin>
			<ymin>111</ymin>
			<xmax>275</xmax>
			<ymax>181</ymax>
		</bndbox>
	</object>
	<object>
		<name>plastic</name>
		<pose>Unspecified</pose>
		<truncated>1</truncated>
		<difficult>0</difficult>
		<bndbox>
			<xmin>17</xmin>
			<ymin>144</ymin>
			<xmax>68</xmax>
			<ymax>183</ymax>
		</bndbox>
	</object>
	<object>
		<name>plastic</name>
		<pose>Unspecified</pose>
		<truncated>1</truncated>
		<difficult>0</difficult>
		<bndbox>
			<xmin>216</xmin>
			<ymin>1</ymin>
			<xmax>274</xmax>
			<ymax>113</ymax>
		</bndbox>
	</object>
</annotation>
