<annotation>
	<folder>data_images</folder>
	<filename>trash482.jpg</filename>
	<path>/Users/yewinthant/Desktop/Imp_Honos_Project/YOLO_Waste_Det_And_Cls_Project/Notes/datapreparation/data_images/trash482.jpg</path>
	<source>
		<database>Unknown</database>
	</source>
	<size>
		<width>153</width>
		<height>329</height>
		<depth>3</depth>
	</size>
	<segmented>0</segmented>
	<object>
		<name>trash</name>
		<pose>Unspecified</pose>
		<truncated>0</truncated>
		<difficult>0</difficult>
		<bndbox>
			<xmin>57</xmin>
			<ymin>8</ymin>
			<xmax>98</xmax>
			<ymax>301</ymax>
		</bndbox>
	</object>
</annotation>
