<annotation>
	<folder>data_images</folder>
	<filename>trash290.jpg</filename>
	<path>/Users/yewinthant/Desktop/Imp_Honos_Project/YOLO_Waste_Det_And_Cls_Project/Notes/datapreparation/data_images/trash290.jpg</path>
	<source>
		<database>Unknown</database>
	</source>
	<size>
		<width>224</width>
		<height>224</height>
		<depth>3</depth>
	</size>
	<segmented>0</segmented>
	<object>
		<name>trash</name>
		<pose>Unspecified</pose>
		<truncated>0</truncated>
		<difficult>0</difficult>
		<bndbox>
			<xmin>6</xmin>
			<ymin>61</ymin>
			<xmax>175</xmax>
			<ymax>201</ymax>
		</bndbox>
	</object>
	<object>
		<name>trash</name>
		<pose>Unspecified</pose>
		<truncated>0</truncated>
		<difficult>0</difficult>
		<bndbox>
			<xmin>89</xmin>
			<ymin>34</ymin>
			<xmax>180</xmax>
			<ymax>170</ymax>
		</bndbox>
	</object>
</annotation>
